[
{
    "name": "ITxiao6666",
    "country": "Chinese",
    "character": 9,
    "github": "https://github.com/ITxiao6666"
},
{
    "name": "imnathanzero",
    "country": "Indonesia",
    "character": 10,
    "github": "https://github.com/imnathanzero"
},
{
    "name": "pedroborraz",
    "country": "Português",
    "character": 6,
    "github": "https://github.com/pedroborraz"
},
{
    "name": "MematiBas42",
    "country": "Türkçe",
    "character": 2,
    "github": "https://github.com/MematiBas42"
},
{
    "name": "Kousei_vn",
    "country": "Tiếng Việt",
    "character": 7,
    "github": "https://github.com/Wuang26"
},
{
    "name": "ZG089",
    "country": "العربية",
    "character": 4,
    "github": "https://github.com/ZG089"
},
{
    "name": "AlirezaParsi",
    "country": "پارسی",
    "character": 6,
    "github": "https://github.com/AlirezaParsi"
},
{
    "name": "Alohaa666",
    "country": "پارسی",
    "character": 7,
    "github": "https://github.com/Alohaa666"
},
{
    "name": "turbo-boo",
    "country": "日本語",
    "character": 3,
    "github": "https://github.com/turbo-boo"
},
{
    "name": "Vndkbopp77",
    "country": "German",
    "character": 5,
    "github": "https://github.com/Vndkbopp77"
},
{
    "name": "UserDeleted74",
    "country": "Español,Français",
    "character": 1,
    "github": ""
}
]